{"db": {"host": "127.0.0.1", "user": "root", "password": "", "database": "saptahome"}, "products": [{"name": "Curtains", "category": "Uncategorized", "image_url": "https://sunsysweb.co.in/saptahome/wp-content/uploads/2023/07/modern-curtains-designs-for-living-room-hall-window-treatment-.jpg", "description": "Let your windows wear elegance with Sapta Curtains — the poetry your rooms have been waiting for. Flowing with grace in satin, jacquard, or delicate embroidery, our curtains transform ordinary spaces into soulful sanctuaries. Whether you're chasing golden sunlight or seeking privacy in style, these curtains are your home’s perfect frame. A soft flutter, a gentle fall — when you choose Sapta, you’re not just decorating… you’re storytelling.", "price": 0.0, "is_featured": 1, "meta": "{\"sku\": \"A0011\", \"tags\": null, \"images\": [\"https://sunsysweb.co.in/saptahome/wp-content/uploads/2023/07/modern-curtains-designs-for-living-room-hall-window-treatment-.jpg\"], \"attributes\": {\"attribute_1_name\": \"color\", \"attribute_1_values\": \"Blue, Camel, Green\"}}"}, {"name": "Quilts", "category": "Quilt", "image_url": "https://sunsysweb.co.in/saptahome/wp-content/uploads/2023/03/download-37.jpg", "description": "Design &amp; Quality: ● Made with 100% soft cotton fabric for a smooth, gentle touch. ● Premium polyfill filling for lightweight warmth and extra fluffiness. ● Evenly stitched quilting patterns to keep filling in place, preventing lumps or cold spots. ● Hypoallergenic materials to ensure safe, irritation-free comfort for all skin types. Functional Features: ● Lightweight yet insulating for year-round usability. ● Breathable fabrics that prevent overheating during sleep. ● Durable construction for long-lasting use without sagging or flattening. ● Easy to fold and store when not in use. Style Options: ● Available in solid colors, subtle prints, and seasonal designs. ● Reversible quilts with two patterns in one for versatile styling. ● Matching pillow shams or cushion covers available in select sets. Care Instructions: ● Machine wash in cold water with mild detergent on gentle cycle. ● Tumble dry on low heat or air dry in shade. ● Avoid bleach to preserve fabric and filling quality. ● Light sun airing recommended for freshness. Perfect For: ● Daily bedroom comfort ● Layering with bed covers or blankets in colder months ● Guest room essentials ● Gifting for weddings, housewarmings, or festive occasions ● Travel and outdoor use during colder seasons", "price": 0.0, "is_featured": 0, "meta": "{\"sku\": \"A0012\", \"tags\": null, \"images\": [\"https://sunsysweb.co.in/saptahome/wp-content/uploads/2023/03/download-37.jpg\", \"https://sunsysweb.co.in/saptahome/wp-content/uploads/2023/03/download-38.jpg\", \"https://sunsysweb.co.in/saptahome/wp-content/uploads/2023/03/download-39.jpg\", \"https://sunsysweb.co.in/saptahome/wp-content/uploads/2023/03/download-40.jpg\", \"https://sunsysweb.co.in/saptahome/wp-content/uploads/2023/03/download-41.jpg\", \"https://sunsysweb.co.in/saptahome/wp-content/uploads/2023/03/download-37.jpg\"], \"attributes\": {\"attribute_1_name\": \"size\", \"attribute_1_values\": \"L, M, S, XL, XS\"}}"}, {"name": "Cushions", "category": "Cushion", "image_url": "https://sunsysweb.co.in/saptahome/wp-content/uploads/2023/03/Untitled-design-42.png", "description": "A dash of charm, a sprinkle of color, and a whole lot of comfort — Sapta Cushions turn any space into a story. Whether you’re curling up with chai or entertaining guests, these cushions bring warmth, character, and a designer’s eye for detail to every room. With vibrant stripes and perfect puff, they're not just cushions — they're little islands of joy. Snuggle in and let your home wrap you in comfort.", "price": 86.89, "is_featured": 0, "meta": "{\"sku\": \"A0013\", \"tags\": null, \"images\": [\"https://sunsysweb.co.in/saptahome/wp-content/uploads/2023/03/Untitled-design-42.png\", \"https://sunsysweb.co.in/saptahome/wp-content/uploads/2023/03/Untitled-design-42.png\", \"https://sunsysweb.co.in/saptahome/wp-content/uploads/2023/03/Untitled-design-43.png\", \"https://sunsysweb.co.in/saptahome/wp-content/uploads/2023/03/Untitled-design-44.png\"], \"attributes\": {\"attribute_1_name\": null, \"attribute_1_values\": null}}"}, {"name": "Pillows", "category": "Pillow", "image_url": "https://sunsysweb.co.in/saptahome/wp-content/uploads/2023/07/dd857973-ca67-4bde-b4cc-e25c3c5a539c.557625e0ad0c29aa68b57b825ad700e8.jpeg", "description": "Every great day begins with a dreamy night — and it starts with the perfect pillow. Our Memory Foam Pillows cradle your neck in serene support, easing you into deep, uninterrupted slumber, while the elegant knitted fabric feels like a gentle caress. Prefer a fluffier feel? Our Conjugate Pillows are the hug your head has been waiting for — soft, supportive, and dressed in charming stripes. Lay down, let go, and drift into your dreams — with Sapta, even sleep feels luxurious.", "price": 45.6, "is_featured": 0, "meta": "{\"sku\": \"A0014\", \"tags\": null, \"images\": [\"https://sunsysweb.co.in/saptahome/wp-content/uploads/2023/07/dd857973-ca67-4bde-b4cc-e25c3c5a539c.557625e0ad0c29aa68b57b825ad700e8.jpeg\"], \"attributes\": {\"attribute_1_name\": null, \"attribute_1_values\": null}}"}, {"name": "Koramet Beds", "category": "Pai Bed", "image_url": "https://sunsysweb.co.in/saptahome/wp-content/uploads/2023/07/IMG_5482-scaled.webp", "description": "Sink into timeless comfort with our Koramet Beds, where traditional charm meets modern elegance. The smart \"Box\" and \"Book\" styles unfold like stories — easy to store, stunning to display. Perfect for cozy corners or compact spaces, these beds are soft on your body, and even softer on your wallet. Whether you’re setting up your first home or upgrading your guest room, Koramet Beds wrap you in a calm, cushioned embrace you’ll never want to leave.", "price": 142.05, "is_featured": 0, "meta": "{\"sku\": \"A0015\", \"tags\": null, \"images\": [\"https://sunsysweb.co.in/saptahome/wp-content/uploads/2023/07/IMG_5482-scaled.webp\", \"https://sunsysweb.co.in/saptahome/wp-content/uploads/2023/07/IMG_5484-scaled.webp\", \"https://sunsysweb.co.in/saptahome/wp-content/uploads/2023/07/IMG_5482-scaled.webp\", \"https://sunsysweb.co.in/saptahome/wp-content/uploads/2023/07/download-45.jpg\", \"https://sunsysweb.co.in/saptahome/wp-content/uploads/2023/07/download-44.jpg\", \"https://sunsysweb.co.in/saptahome/wp-content/uploads/2023/07/download-43.jpg\", \"https://sunsysweb.co.in/saptahome/wp-content/uploads/2023/07/download-42.jpg\"], \"attributes\": {\"attribute_1_name\": null, \"attribute_1_values\": null}}"}, {"name": "Travel Beds", "category": "Travel Bed", "image_url": "https://sunsysweb.co.in/saptahome/wp-content/uploads/2023/07/download-22-600x400-2.png", "description": "Take the warmth of home wherever you go with our Sapta Travel Beds — your soft escape in a fast-moving world. Light as a breeze and gentle on your back, these beds fold into a cozy cocoon, perfect for impromptu journeys, visits to loved ones, or a dreamy nap under the stars. Crafted in breathable cotton and lively 3D textures, they invite you to pause, breathe, and relax —anytime, anywhere.Sapta’s travel beds are more than portable... they’re your pocket-sized paradise.", "price": 145.0, "is_featured": 0, "meta": "{\"sku\": \"A0016\", \"tags\": null, \"images\": [\"https://sunsysweb.co.in/saptahome/wp-content/uploads/2023/07/download-22-600x400-2.png\", \"https://sunsysweb.co.in/saptahome/wp-content/uploads/2023/07/download-11-600x400-1.png\", \"https://sunsysweb.co.in/saptahome/wp-content/uploads/2023/07/download-20-600x400-1.png\", \"https://sunsysweb.co.in/saptahome/wp-content/uploads/2023/07/download-21-600x400-1.png\", \"https://sunsysweb.co.in/saptahome/wp-content/uploads/2023/07/download-22-600x400-2.png\", \"https://sunsysweb.co.in/saptahome/wp-content/uploads/2023/07/download-23-600x400-1.png\", \"https://sunsysweb.co.in/saptahome/wp-content/uploads/2023/07/download-24-600x400-1.png\", \"https://sunsysweb.co.in/saptahome/wp-content/uploads/2023/07/IMG_5231-600x450-1.png\", \"https://sunsysweb.co.in/saptahome/wp-content/uploads/2023/07/IMG_5235-600x450-1.png\"], \"attributes\": {\"attribute_1_name\": null, \"attribute_1_values\": null}}"}, {"name": "Foam Beds", "category": "Foam Bed", "image_url": "https://sunsysweb.co.in/saptahome/wp-content/uploads/2023/07/Untitled-design-43-1.png", "description": "Take the warmth of home wherever you go with our Sapta Travel Beds — your soft escape in a fast-moving world. Light as a breeze and gentle on your back, these beds fold into a cozy cocoon, perfect for impromptu journeys, visits to loved ones, or a dreamy nap under the stars. Crafted in breathable cotton and lively 3D textures, they invite you to pause, breathe, and relax — anytime, anywhere. Sapta’s travel beds are more than portable... they’re your pocket-sized paradise.", "price": 125.6, "is_featured": 0, "meta": "{\"sku\": \"A0017\", \"tags\": \"Chairs, Dining Room\", \"images\": [\"https://sunsysweb.co.in/saptahome/wp-content/uploads/2023/07/Untitled-design-43-1.png\", \"https://sunsysweb.co.in/saptahome/wp-content/uploads/2023/07/Untitled-design-43.png\", \"https://sunsysweb.co.in/saptahome/wp-content/uploads/2023/07/Untitled-design-44.png\"], \"attributes\": {\"attribute_1_name\": null, \"attribute_1_values\": null}}"}, {"name": "Curtains - Blue", "category": "Uncategorized", "image_url": "https://sunsysweb.co.in/saptahome/wp-content/uploads/2023/03/p-13.jpg", "description": "", "price": 225.0, "is_featured": 0, "meta": "{\"sku\": null, \"tags\": null, \"images\": [\"https://sunsysweb.co.in/saptahome/wp-content/uploads/2023/03/p-13.jpg\"], \"attributes\": {\"attribute_1_name\": \"color\", \"attribute_1_values\": \"Blue\"}}"}, {"name": "Curtains - Camel", "category": "Uncategorized", "image_url": "https://sunsysweb.co.in/saptahome/wp-content/uploads/2023/03/p-13-3.jpg", "description": "", "price": 225.0, "is_featured": 0, "meta": "{\"sku\": null, \"tags\": null, \"images\": [\"https://sunsysweb.co.in/saptahome/wp-content/uploads/2023/03/p-13-3.jpg\"], \"attributes\": {\"attribute_1_name\": \"color\", \"attribute_1_values\": \"Camel\"}}"}, {"name": "Curtains - Green", "category": "Uncategorized", "image_url": "https://sunsysweb.co.in/saptahome/wp-content/uploads/2023/03/p-13-2.jpg", "description": "", "price": 225.0, "is_featured": 0, "meta": "{\"sku\": null, \"tags\": null, \"images\": [\"https://sunsysweb.co.in/saptahome/wp-content/uploads/2023/03/p-13-2.jpg\"], \"attributes\": {\"attribute_1_name\": \"color\", \"attribute_1_values\": \"Green\"}}"}, {"name": "Quilts - L", "category": "Uncategorized", "image_url": "https://sunsysweb.co.in/saptahome/wp-content/uploads/2023/03/p-06.jpg", "description": "", "price": 46.0, "is_featured": 0, "meta": "{\"sku\": null, \"tags\": null, \"images\": [\"https://sunsysweb.co.in/saptahome/wp-content/uploads/2023/03/p-06.jpg\"], \"attributes\": {\"attribute_1_name\": \"size\", \"attribute_1_values\": \"L\"}}"}, {"name": "Quilts - M", "category": "Uncategorized", "image_url": "https://sunsysweb.co.in/saptahome/wp-content/uploads/2023/03/p-06.jpg", "description": "", "price": 46.0, "is_featured": 0, "meta": "{\"sku\": null, \"tags\": null, \"images\": [\"https://sunsysweb.co.in/saptahome/wp-content/uploads/2023/03/p-06.jpg\"], \"attributes\": {\"attribute_1_name\": \"size\", \"attribute_1_values\": \"M\"}}"}, {"name": "Quilts - S", "category": "Uncategorized", "image_url": "https://sunsysweb.co.in/saptahome/wp-content/uploads/2023/03/p-06.jpg", "description": "", "price": 46.0, "is_featured": 0, "meta": "{\"sku\": null, \"tags\": null, \"images\": [\"https://sunsysweb.co.in/saptahome/wp-content/uploads/2023/03/p-06.jpg\"], \"attributes\": {\"attribute_1_name\": \"size\", \"attribute_1_values\": \"S\"}}"}, {"name": "Quilts - XL", "category": "Uncategorized", "image_url": "https://sunsysweb.co.in/saptahome/wp-content/uploads/2023/03/p-06.jpg", "description": "", "price": 46.0, "is_featured": 0, "meta": "{\"sku\": null, \"tags\": null, \"images\": [\"https://sunsysweb.co.in/saptahome/wp-content/uploads/2023/03/p-06.jpg\"], \"attributes\": {\"attribute_1_name\": \"size\", \"attribute_1_values\": \"XL\"}}"}, {"name": "Quilts - XS", "category": "Uncategorized", "image_url": "https://sunsysweb.co.in/saptahome/wp-content/uploads/2023/03/p-06.jpg", "description": "", "price": 46.0, "is_featured": 0, "meta": "{\"sku\": null, \"tags\": null, \"images\": [\"https://sunsysweb.co.in/saptahome/wp-content/uploads/2023/03/p-06.jpg\"], \"attributes\": {\"attribute_1_name\": \"size\", \"attribute_1_values\": \"XS\"}}"}, {"name": "Aprons", "category": "Apron", "image_url": "https://sunsysweb.co.in/saptahome/wp-content/uploads/2023/07/855a13750625be9d0ffbcd45f52d5e14.jpg", "description": "Design &amp; Quality: ● Crafted from premium cotton and polyester blends for a perfect balance of softness, durability, and ease of cleaning. ● Reinforced stitching at stress points ensures long-lasting wear, even with daily use. ● Designed for freedom of movement, so you can work without feeling restricted. Functional Features: ● Long waist ties for a custom fit across different body shapes and sizes. ● Deep front pockets to keep kitchen tools, recipe cards, gardening tools, or craft supplies within reach. ● Lightweight yet protective—keeps spills, splashes, and stains away from your clothes. Style Options: ● Available in solid colors, classic patterns, and modern prints to suit every personality and home décor style. ● Seasonal and festive designs for gifting or special occasions. ● Matching adult and kids’ aprons for family cooking or craft time. Care Instructions: ● Machine wash in cold water with mild detergent. ● Tumble dry on low heat or line dry for best results. ● Avoid using bleach to preserve color and fabric integrity. ● Iron on low if needed. Perfect For: ● Home kitchens and professional cooking ● Baking sessions with family or friends ● Gardening and outdoor BBQs ● Crafting, painting, and DIY projects ● Gifting for housewarmings, weddings, or festive occasions", "price": 125.6, "is_featured": 0, "meta": "{\"sku\": \"A0017-1\", \"tags\": null, \"images\": [\"https://sunsysweb.co.in/saptahome/wp-content/uploads/2023/07/855a13750625be9d0ffbcd45f52d5e14.jpg\"], \"attributes\": {\"attribute_1_name\": null, \"attribute_1_values\": null}}"}, {"name": "Bed Covers", "category": "Bed Cover", "image_url": "https://sunsysweb.co.in/saptahome/wp-content/uploads/2023/07/R.png", "description": "Design &amp; Quality: ● Crafted from high-quality cotton, polyester blends, or jacquard fabrics for a luxurious feel and long-lasting durability. ● Soft, breathable materials to ensure comfort in all seasons. ● Meticulous stitching and precision finishing for a premium look. ● Colorfast fabrics that retain their vibrancy even after multiple washes. Functional Features: ● Lightweight yet durable construction for year-round comfort. ● Multi-purpose use – works as a protective cover or decorative layer like a bedsheet. ● Generous sizing to fully cover and protect the bed. ● Easy to fold and store when not in use. Care Instructions: ● Machine wash on gentle cycle with mild detergent. ● Tumble dry on low or line dry in shade. ● Avoid bleach to maintain fabric strength and color. ● Light ironing is recommended for a crisp finish. Perfect For: ● Daily bedroom use ● Guest rooms and hospitality setups", "price": 125.6, "is_featured": 0, "meta": "{\"sku\": \"A0017-2\", \"tags\": \"Chairs, Dining Room\", \"images\": [\"https://sunsysweb.co.in/saptahome/wp-content/uploads/2023/07/R.png\"], \"attributes\": {\"attribute_1_name\": null, \"attribute_1_values\": null}}"}, {"name": "Moulded Sofa Cushion", "category": "Cushion", "image_url": "https://sunsysweb.co.in/saptahome/wp-content/uploads/2025/07/IMG_5589-600x800-3.png", "description": "A dash of charm, a sprinkle of color, and a whole lot of comfort — Sapta Cushions turn any space into a story. Whether you’re curling up with chai or entertaining guests, these cushions bring warmth, character, and a designer’s eye for detail to every room. With vibrant stripes and perfect puff, they're not just cushions — they're little islands of joy. Snuggle in and let your home wrap you in comfort.", "price": 86.89, "is_featured": 0, "meta": "{\"sku\": \"A0013-1\", \"tags\": null, \"images\": [\"https://sunsysweb.co.in/saptahome/wp-content/uploads/2025/07/IMG_5589-600x800-3.png\", \"https://sunsysweb.co.in/saptahome/wp-content/uploads/2025/07/IMG_5586-600x800-2.png\", \"https://sunsysweb.co.in/saptahome/wp-content/uploads/2025/07/IMG_5589-600x800-1-1.png\", \"https://sunsysweb.co.in/saptahome/wp-content/uploads/2025/07/IMG_5589-600x800-3.png\", \"https://sunsysweb.co.in/saptahome/wp-content/uploads/2025/07/IMG_5593-600x800-2.png\"], \"attributes\": {\"attribute_1_name\": null, \"attribute_1_values\": null}}"}, {"name": "Memory Pillow", "category": "Pillow", "image_url": "https://sunsysweb.co.in/saptahome/wp-content/uploads/2025/07/IMG_5508-600x450-1.png", "description": "Every great day begins with a dreamy night — and it starts with the perfect pillow. Our Memory Foam Pillows cradle your neck in serene support, easing you into deep, uninterrupted slumber, while the elegant knitted fabric feels like a gentle caress. Prefer a fluffier feel? Our Conjugate Pillows are the hug your head has been waiting for — soft, supportive, and dressed in charming stripes. Lay down, let go, and drift into your dreams — with Sapta, even sleep feels luxurious.", "price": 45.6, "is_featured": 0, "meta": "{\"sku\": \"A0014-1\", \"tags\": null, \"images\": [\"https://sunsysweb.co.in/saptahome/wp-content/uploads/2025/07/IMG_5508-600x450-1.png\", \"https://sunsysweb.co.in/saptahome/wp-content/uploads/2025/07/download-28-600x400-1.png\", \"https://sunsysweb.co.in/saptahome/wp-content/uploads/2025/07/download-29-600x400-1.png\", \"https://sunsysweb.co.in/saptahome/wp-content/uploads/2025/07/download-30-600x400-1.png\", \"https://sunsysweb.co.in/saptahome/wp-content/uploads/2025/07/IMG_5494-600x450-2.png\", \"https://sunsysweb.co.in/saptahome/wp-content/uploads/2025/07/IMG_5498-600x450-1.png\", \"https://sunsysweb.co.in/saptahome/wp-content/uploads/2025/07/IMG_5508-600x450-1.png\"], \"attributes\": {\"attribute_1_name\": null, \"attribute_1_values\": null}}"}, {"name": "Conjugate Pillow", "category": "Pillow", "image_url": "https://sunsysweb.co.in/saptahome/wp-content/uploads/2025/07/download-25-600x400-2.png", "description": "Every great day begins with a dreamy night — and it starts with the perfect pillow. Our Memory Foam Pillows cradle your neck in serene support, easing you into deep, uninterrupted slumber, while the elegant knitted fabric feels like a gentle caress. Prefer a fluffier feel? Our Conjugate Pillows are the hug your head has been waiting for — soft, supportive, and dressed in charming stripes. Lay down, let go, and drift into your dreams — with Sapta, even sleep feels luxurious.", "price": 45.6, "is_featured": 0, "meta": "{\"sku\": \"A0014-2\", \"tags\": null, \"images\": [\"https://sunsysweb.co.in/saptahome/wp-content/uploads/2025/07/download-25-600x400-2.png\", \"https://sunsysweb.co.in/saptahome/wp-content/uploads/2025/07/Untitled-design-42-3.png\", \"https://sunsysweb.co.in/saptahome/wp-content/uploads/2025/07/download-25-600x400-1.png\", \"https://sunsysweb.co.in/saptahome/wp-content/uploads/2025/07/download-25-600x400-2.png\", \"https://sunsysweb.co.in/saptahome/wp-content/uploads/2025/07/download-26-600x400-1.png\", \"https://sunsysweb.co.in/saptahome/wp-content/uploads/2025/07/download-27-600x400-1.png\", \"https://sunsysweb.co.in/saptahome/wp-content/uploads/2025/07/IMG_3268-600x397-1.png\", \"https://sunsysweb.co.in/saptahome/wp-content/uploads/2025/07/IMG_5494-600x450-1.png\"], \"attributes\": {\"attribute_1_name\": null, \"attribute_1_values\": null}}"}, {"name": "Countoured Memory Pillow", "category": "Pillow", "image_url": "https://sunsysweb.co.in/saptahome/wp-content/uploads/2025/07/IMG_5244-600x450-2.png", "description": "Every great day begins with a dreamy night — and it starts with the perfect pillow. Our Memory Foam Pillows cradle your neck in serene support, easing you into deep, uninterrupted slumber, while the elegant knitted fabric feels like a gentle caress. Prefer a fluffier feel? Our Conjugate Pillows are the hug your head has been waiting for — soft, supportive, and dressed in charming stripes. Lay down, let go, and drift into your dreams — with Sapta, even sleep feels luxurious.", "price": 45.6, "is_featured": 0, "meta": "{\"sku\": \"A0014-1-1\", \"tags\": null, \"images\": [\"https://sunsysweb.co.in/saptahome/wp-content/uploads/2025/07/IMG_5244-600x450-2.png\", \"https://sunsysweb.co.in/saptahome/wp-content/uploads/2025/07/Untitled-design-42-2.png\", \"https://sunsysweb.co.in/saptahome/wp-content/uploads/2025/07/Untitled-design-43-1.png\", \"https://sunsysweb.co.in/saptahome/wp-content/uploads/2025/07/download-35-600x400-1.png\", \"https://sunsysweb.co.in/saptahome/wp-content/uploads/2025/07/IMG_5244-600x450-1.png\", \"https://sunsysweb.co.in/saptahome/wp-content/uploads/2025/07/IMG_5244-600x450-2.png\", \"https://sunsysweb.co.in/saptahome/wp-content/uploads/2025/07/download-32-600x400-1.png\", \"https://sunsysweb.co.in/saptahome/wp-content/uploads/2025/07/download-33-600x400-1.png\", \"https://sunsysweb.co.in/saptahome/wp-content/uploads/2025/07/download-34-600x400-1.png\"], \"attributes\": {\"attribute_1_name\": null, \"attribute_1_values\": null}}"}, {"name": "Summer Limited Bed", "category": "Foam Bed", "image_url": "https://sunsysweb.co.in/saptahome/wp-content/uploads/2025/07/IMG_5487-600x450-2.png", "description": "Take the warmth of home wherever you go with our Sapta Travel Beds — your soft escape in a fast-moving world. Light as a breeze and gentle on your back, these beds fold into a cozy cocoon, perfect for impromptu journeys, visits to loved ones, or a dreamy nap under the stars. Crafted in breathable cotton and lively 3D textures, they invite you to pause, breathe, and relax — anytime, anywhere. Sapta’s travel beds are more than portable... they’re your pocket-sized paradise.", "price": 125.6, "is_featured": 0, "meta": "{\"sku\": \"A0017-3\", \"tags\": null, \"images\": [\"https://sunsysweb.co.in/saptahome/wp-content/uploads/2025/07/IMG_5487-600x450-2.png\", \"https://sunsysweb.co.in/saptahome/wp-content/uploads/2025/07/IMG_5473-600x450-1.png\", \"https://sunsysweb.co.in/saptahome/wp-content/uploads/2025/07/IMG_5478-600x450-1.png\", \"https://sunsysweb.co.in/saptahome/wp-content/uploads/2025/07/IMG_5487-600x450-1.png\"], \"attributes\": {\"attribute_1_name\": null, \"attribute_1_values\": null}}"}, {"name": "5D Foam Bed", "category": "Foam Bed", "image_url": "https://sunsysweb.co.in/saptahome/wp-content/uploads/2025/07/download-60-600x400-2.png", "description": "Take the warmth of home wherever you go with our Sapta Travel Beds — your soft escape in a fast-moving world. Light as a breeze and gentle on your back, these beds fold into a cozy cocoon, perfect for impromptu journeys, visits to loved ones, or a dreamy nap under the stars. Crafted in breathable cotton and lively 3D textures, they invite you to pause, breathe, and relax — anytime, anywhere. Sapta’s travel beds are more than portable... they’re your pocket-sized paradise.", "price": 125.6, "is_featured": 0, "meta": "{\"sku\": \"A0017-4\", \"tags\": null, \"images\": [\"https://sunsysweb.co.in/saptahome/wp-content/uploads/2025/07/download-60-600x400-2.png\", \"https://sunsysweb.co.in/saptahome/wp-content/uploads/2025/07/Untitled-design-43.png\", \"https://sunsysweb.co.in/saptahome/wp-content/uploads/2025/07/Untitled-design-42-1.png\", \"https://sunsysweb.co.in/saptahome/wp-content/uploads/2025/07/download-46-600x400-1.png\", \"https://sunsysweb.co.in/saptahome/wp-content/uploads/2025/07/download-47-600x400-1.png\", \"https://sunsysweb.co.in/saptahome/wp-content/uploads/2025/07/download-48-600x400-1.png\", \"https://sunsysweb.co.in/saptahome/wp-content/uploads/2025/07/download-49-600x400-1.png\", \"https://sunsysweb.co.in/saptahome/wp-content/uploads/2025/07/download-50-600x400-1.png\", \"https://sunsysweb.co.in/saptahome/wp-content/uploads/2025/07/download-51-600x400-1.png\", \"https://sunsysweb.co.in/saptahome/wp-content/uploads/2025/07/download-52-600x400-1.png\", \"https://sunsysweb.co.in/saptahome/wp-content/uploads/2025/07/download-53-600x400-1.png\", \"https://sunsysweb.co.in/saptahome/wp-content/uploads/2025/07/download-54-600x400-1.png\", \"https://sunsysweb.co.in/saptahome/wp-content/uploads/2025/07/download-55-600x400-1.png\", \"https://sunsysweb.co.in/saptahome/wp-content/uploads/2025/07/download-56-600x400-1.png\", \"https://sunsysweb.co.in/saptahome/wp-content/uploads/2025/07/download-57-600x400-1.png\", \"https://sunsysweb.co.in/saptahome/wp-content/uploads/2025/07/download-58-600x400-1.png\", \"https://sunsysweb.co.in/saptahome/wp-content/uploads/2025/07/download-59-600x400-1.png\", \"https://sunsysweb.co.in/saptahome/wp-content/uploads/2025/07/download-60-600x400-1.png\", \"https://sunsysweb.co.in/saptahome/wp-content/uploads/2025/07/download-60-600x400-2.png\", \"https://sunsysweb.co.in/saptahome/wp-content/uploads/2025/07/IMG_5214-1-600x450-1.png\"], \"attributes\": {\"attribute_1_name\": null, \"attribute_1_values\": null}}"}, {"name": "Checks Foam Bed", "category": "Foam Bed", "image_url": "https://sunsysweb.co.in/saptahome/wp-content/uploads/2025/07/download-73-600x400-1.png", "description": "Take the warmth of home wherever you go with our Sapta Travel Beds — your soft escape in a fast-moving world. Light as a breeze and gentle on your back, these beds fold into a cozy cocoon, perfect for impromptu journeys, visits to loved ones, or a dreamy nap under the stars. Crafted in breathable cotton and lively 3D textures, they invite you to pause, breathe, and relax — anytime, anywhere. Sapta’s travel beds are more than portable... they’re your pocket-sized paradise.", "price": 125.6, "is_featured": 0, "meta": "{\"sku\": \"A0017-5\", \"tags\": null, \"images\": [\"https://sunsysweb.co.in/saptahome/wp-content/uploads/2025/07/download-73-600x400-1.png\", \"https://sunsysweb.co.in/saptahome/wp-content/uploads/2025/07/download-72-600x400-1.png\", \"https://sunsysweb.co.in/saptahome/wp-content/uploads/2025/07/download-73-600x400-1.png\", \"https://sunsysweb.co.in/saptahome/wp-content/uploads/2025/07/download-74-600x400-1.png\", \"https://sunsysweb.co.in/saptahome/wp-content/uploads/2025/07/download-75-600x400-1.png\", \"https://sunsysweb.co.in/saptahome/wp-content/uploads/2025/07/download-76-600x400-1.png\", \"https://sunsysweb.co.in/saptahome/wp-content/uploads/2025/07/IMG_5229-600x450-1.png\", \"https://sunsysweb.co.in/saptahome/wp-content/uploads/2025/07/Untitled-design-42.png\"], \"attributes\": {\"attribute_1_name\": null, \"attribute_1_values\": null}}"}, {"name": "Embroidery Foam Bed", "category": "Foam Bed", "image_url": "https://sunsysweb.co.in/saptahome/wp-content/uploads/2025/07/IMG_5194-1-600x450-1.png", "description": "Take the warmth of home wherever you go with our Sapta Travel Beds — your soft escape in a fast-moving world. Light as a breeze and gentle on your back, these beds fold into a cozy cocoon, perfect for impromptu journeys, visits to loved ones, or a dreamy nap under the stars. Crafted in breathable cotton and lively 3D textures, they invite you to pause, breathe, and relax — anytime, anywhere. Sapta’s travel beds are more than portable... they’re your pocket-sized paradise.", "price": 125.6, "is_featured": 0, "meta": "{\"sku\": \"A0017-4-1\", \"tags\": null, \"images\": [\"https://sunsysweb.co.in/saptahome/wp-content/uploads/2025/07/IMG_5194-1-600x450-1.png\", \"https://sunsysweb.co.in/saptahome/wp-content/uploads/2025/07/IMG_5191-1-600x450-1.png\", \"https://sunsysweb.co.in/saptahome/wp-content/uploads/2025/07/IMG_5193-1-600x450-1.png\", \"https://sunsysweb.co.in/saptahome/wp-content/uploads/2025/07/IMG_5194-1-600x450-1.png\"], \"attributes\": {\"attribute_1_name\": null, \"attribute_1_values\": null}}"}, {"name": "Jacquards Foam Bed", "category": "Foam Bed", "image_url": "https://sunsysweb.co.in/saptahome/wp-content/uploads/2025/07/Untitled-design-41.png", "description": "Take the warmth of home wherever you go with our Sapta Travel Beds — your soft escape in a fast-moving world. Light as a breeze and gentle on your back, these beds fold into a cozy cocoon, perfect for impromptu journeys, visits to loved ones, or a dreamy nap under the stars. Crafted in breathable cotton and lively 3D textures, they invite you to pause, breathe, and relax — anytime, anywhere. Sapta’s travel beds are more than portable... they’re your pocket-sized paradise.", "price": 125.6, "is_featured": 0, "meta": "{\"sku\": \"A0017-4-2\", \"tags\": null, \"images\": [\"https://sunsysweb.co.in/saptahome/wp-content/uploads/2025/07/Untitled-design-41.png\", \"https://sunsysweb.co.in/saptahome/wp-content/uploads/2025/07/Untitled-design-41.png\", \"https://sunsysweb.co.in/saptahome/wp-content/uploads/2025/07/Untitled-design-40-1.png\", \"https://sunsysweb.co.in/saptahome/wp-content/uploads/2025/07/Untitled-design-39-1.png\"], \"attributes\": {\"attribute_1_name\": null, \"attribute_1_values\": null}}"}, {"name": "Corduroy Foam Bed", "category": "Foam Bed", "image_url": "https://sunsysweb.co.in/saptahome/wp-content/uploads/2025/07/Untitled-design-39.png", "description": "Take the warmth of home wherever you go with our Sapta Travel Beds — your soft escape in a fast-moving world. Light as a breeze and gentle on your back, these beds fold into a cozy cocoon, perfect for impromptu journeys, visits to loved ones, or a dreamy nap under the stars. Crafted in breathable cotton and lively 3D textures, they invite you to pause, breathe, and relax — anytime, anywhere. Sapta’s travel beds are more than portable... they’re your pocket-sized paradise.", "price": 125.6, "is_featured": 0, "meta": "{\"sku\": \"A0017-4-3\", \"tags\": null, \"images\": [\"https://sunsysweb.co.in/saptahome/wp-content/uploads/2025/07/Untitled-design-39.png\", \"https://sunsysweb.co.in/saptahome/wp-content/uploads/2025/07/Untitled-design-40.png\", \"https://sunsysweb.co.in/saptahome/wp-content/uploads/2025/07/Untitled-design-39.png\"], \"attributes\": {\"attribute_1_name\": null, \"attribute_1_values\": null}}"}, {"name": "Stripes Foam Bed", "category": "Foam Bed", "image_url": "https://sunsysweb.co.in/saptahome/wp-content/uploads/2025/07/IMG_5204-scaled.webp", "description": "Take the warmth of home wherever you go with our Sapta Travel Beds — your soft escape in a fast-moving world. Light as a breeze and gentle on your back, these beds fold into a cozy cocoon, perfect for impromptu journeys, visits to loved ones, or a dreamy nap under the stars. Crafted in breathable cotton and lively 3D textures, they invite you to pause, breathe, and relax — anytime, anywhere. Sapta’s travel beds are more than portable... they’re your pocket-sized paradise.", "price": 125.6, "is_featured": 0, "meta": "{\"sku\": \"A0017-4-4\", \"tags\": null, \"images\": [\"https://sunsysweb.co.in/saptahome/wp-content/uploads/2025/07/IMG_5204-scaled.webp\", \"https://sunsysweb.co.in/saptahome/wp-content/uploads/2025/07/IMG_5204-600x800-1.png\", \"https://sunsysweb.co.in/saptahome/wp-content/uploads/2025/07/IMG_5207-600x800-1.png\"], \"attributes\": {\"attribute_1_name\": null, \"attribute_1_values\": null}}"}, {"name": "Corduroy Beds", "category": "Foam Bed", "image_url": "https://sunsysweb.co.in/saptahome/wp-content/uploads/2025/08/download-81-600x400-3.png", "description": "Take the warmth of home wherever you go with our Sapta Travel Beds — your soft escape in a fast-moving world. Light as a breeze and gentle on your back, these beds fold into a cozy cocoon, perfect for impromptu journeys, visits to loved ones, or a dreamy nap under the stars. Crafted in breathable cotton and lively 3D textures, they invite you to pause, breathe, and relax — anytime, anywhere. Sapta’s travel beds are more than portable... they’re your pocket-sized paradise.", "price": 125.6, "is_featured": 0, "meta": "{\"sku\": \"A0017-6\", \"tags\": null, \"images\": [\"https://sunsysweb.co.in/saptahome/wp-content/uploads/2025/08/download-81-600x400-3.png\", \"https://sunsysweb.co.in/saptahome/wp-content/uploads/2025/08/download-77-600x400-2.png\", \"https://sunsysweb.co.in/saptahome/wp-content/uploads/2025/08/download-78-600x400-2.png\", \"https://sunsysweb.co.in/saptahome/wp-content/uploads/2025/08/download-79-600x400-2.png\", \"https://sunsysweb.co.in/saptahome/wp-content/uploads/2025/08/download-80-600x400-2.png\", \"https://sunsysweb.co.in/saptahome/wp-content/uploads/2025/08/download-81-600x400-1-1.png\", \"https://sunsysweb.co.in/saptahome/wp-content/uploads/2025/08/download-81-600x400-3.png\", \"https://sunsysweb.co.in/saptahome/wp-content/uploads/2025/08/download-82-600x400-2.png\", \"https://sunsysweb.co.in/saptahome/wp-content/uploads/2025/08/download-83-600x400-2.png\", \"https://sunsysweb.co.in/saptahome/wp-content/uploads/2025/08/download-84-600x400-2.png\", \"https://sunsysweb.co.in/saptahome/wp-content/uploads/2025/08/download-85-600x400-3.png\", \"https://sunsysweb.co.in/saptahome/wp-content/uploads/2025/08/download-86-600x400-3.png\", \"https://sunsysweb.co.in/saptahome/wp-content/uploads/2025/08/download-87-600x400-2.png\", \"https://sunsysweb.co.in/saptahome/wp-content/uploads/2025/08/download-88-600x400-3.png\"], \"attributes\": {\"attribute_1_name\": null, \"attribute_1_values\": null}}"}, {"name": "Texture Beds", "category": "Foam Bed", "image_url": "https://sunsysweb.co.in/saptahome/wp-content/uploads/2025/08/download-2025-08-25T121440.553-600x400-2.png", "description": "Take the warmth of home wherever you go with our Sapta Travel Beds — your soft escape in a fast-moving world. Light as a breeze and gentle on your back, these beds fold into a cozy cocoon, perfect for impromptu journeys, visits to loved ones, or a dreamy nap under the stars. Crafted in breathable cotton and lively 3D textures, they invite you to pause, breathe, and relax — anytime, anywhere. Sapta’s travel beds are more than portable... they’re your pocket-sized paradise.", "price": 125.6, "is_featured": 0, "meta": "{\"sku\": \"A0017-6-1\", \"tags\": null, \"images\": [\"https://sunsysweb.co.in/saptahome/wp-content/uploads/2025/08/download-2025-08-25T121440.553-600x400-2.png\", \"https://sunsysweb.co.in/saptahome/wp-content/uploads/2025/08/download-85-600x400-1.png\", \"https://sunsysweb.co.in/saptahome/wp-content/uploads/2025/08/download-86-600x400-1.png\", \"https://sunsysweb.co.in/saptahome/wp-content/uploads/2025/08/download-88-600x400-1.png\", \"https://sunsysweb.co.in/saptahome/wp-content/uploads/2025/08/download-90-600x400-1.png\", \"https://sunsysweb.co.in/saptahome/wp-content/uploads/2025/08/download-93-600x400-1.png\", \"https://sunsysweb.co.in/saptahome/wp-content/uploads/2025/08/download-94-600x400-1.png\", \"https://sunsysweb.co.in/saptahome/wp-content/uploads/2025/08/download-2025-08-25T121255.744-600x400-1.png\", \"https://sunsysweb.co.in/saptahome/wp-content/uploads/2025/08/download-2025-08-25T121300.271-600x400-1.png\", \"https://sunsysweb.co.in/saptahome/wp-content/uploads/2025/08/download-2025-08-25T121416.719-600x400-1.png\", \"https://sunsysweb.co.in/saptahome/wp-content/uploads/2025/08/download-2025-08-25T121422.080-600x400-1.png\", \"https://sunsysweb.co.in/saptahome/wp-content/uploads/2025/08/download-2025-08-25T121424.911-600x400-1.png\", \"https://sunsysweb.co.in/saptahome/wp-content/uploads/2025/08/download-2025-08-25T121427.648-600x400-1.png\", \"https://sunsysweb.co.in/saptahome/wp-content/uploads/2025/08/download-2025-08-25T121430.504-600x400-1.png\", \"https://sunsysweb.co.in/saptahome/wp-content/uploads/2025/08/download-2025-08-25T121434.054-600x400-1.png\", \"https://sunsysweb.co.in/saptahome/wp-content/uploads/2025/08/download-2025-08-25T121437.167-600x400-1.png\", \"https://sunsysweb.co.in/saptahome/wp-content/uploads/2025/08/download-2025-08-25T121440.553-600x400-1.png\", \"https://sunsysweb.co.in/saptahome/wp-content/uploads/2025/08/download-2025-08-25T121440.553-600x400-2.png\", \"https://sunsysweb.co.in/saptahome/wp-content/uploads/2025/08/download-2025-08-25T121447.473-600x400-1.png\"], \"attributes\": {\"attribute_1_name\": null, \"attribute_1_values\": null}}"}, {"name": "Asian Vibes Beds", "category": "Foam Bed", "image_url": "https://sunsysweb.co.in/saptahome/wp-content/uploads/2025/08/download-2025-08-25T122146.913-600x400-1.png", "description": "Take the warmth of home wherever you go with our Sapta Travel Beds — your soft escape in a fast-moving world. Light as a breeze and gentle on your back, these beds fold into a cozy cocoon, perfect for impromptu journeys, visits to loved ones, or a dreamy nap under the stars. Crafted in breathable cotton and lively 3D textures, they invite you to pause, breathe, and relax — anytime, anywhere. Sapta’s travel beds are more than portable... they’re your pocket-sized paradise.", "price": 125.6, "is_featured": 0, "meta": "{\"sku\": \"A0017-6-1-1\", \"tags\": null, \"images\": [\"https://sunsysweb.co.in/saptahome/wp-content/uploads/2025/08/download-2025-08-25T122146.913-600x400-1.png\", \"https://sunsysweb.co.in/saptahome/wp-content/uploads/2025/08/download-2025-08-25T121938.055-600x400-1.png\", \"https://sunsysweb.co.in/saptahome/wp-content/uploads/2025/08/download-2025-08-25T121955.240-600x400-1.png\", \"https://sunsysweb.co.in/saptahome/wp-content/uploads/2025/08/download-2025-08-25T122001.960-600x400-1.png\", \"https://sunsysweb.co.in/saptahome/wp-content/uploads/2025/08/download-2025-08-25T122032.648-600x400-1.png\", \"https://sunsysweb.co.in/saptahome/wp-content/uploads/2025/08/download-2025-08-25T122037.463-600x400-1.png\", \"https://sunsysweb.co.in/saptahome/wp-content/uploads/2025/08/download-2025-08-25T122041.808-600x400-1.png\", \"https://sunsysweb.co.in/saptahome/wp-content/uploads/2025/08/download-2025-08-25T122045.721-600x400-1.png\", \"https://sunsysweb.co.in/saptahome/wp-content/uploads/2025/08/download-2025-08-25T122051.912-600x400-1.png\", \"https://sunsysweb.co.in/saptahome/wp-content/uploads/2025/08/download-2025-08-25T122058.463-600x400-1.png\", \"https://sunsysweb.co.in/saptahome/wp-content/uploads/2025/08/download-2025-08-25T122124.848-600x400-1.png\", \"https://sunsysweb.co.in/saptahome/wp-content/uploads/2025/08/download-2025-08-25T122128.344-600x400-1.png\", \"https://sunsysweb.co.in/saptahome/wp-content/uploads/2025/08/download-2025-08-25T122132.511-600x400-1.png\", \"https://sunsysweb.co.in/saptahome/wp-content/uploads/2025/08/download-2025-08-25T122135.887-600x400-1.png\", \"https://sunsysweb.co.in/saptahome/wp-content/uploads/2025/08/download-2025-08-25T122139.904-600x400-1.png\", \"https://sunsysweb.co.in/saptahome/wp-content/uploads/2025/08/download-2025-08-25T122143.528-600x400-1.png\", \"https://sunsysweb.co.in/saptahome/wp-content/uploads/2025/08/download-2025-08-25T122146.913-600x400-1.png\", \"https://sunsysweb.co.in/saptahome/wp-content/uploads/2025/08/download-2025-08-25T122150.152-600x400-1.png\", \"https://sunsysweb.co.in/saptahome/wp-content/uploads/2025/08/download-2025-08-25T122153.448-600x400-1.png\"], \"attributes\": {\"attribute_1_name\": null, \"attribute_1_values\": null}}"}, {"name": "Geometry Beds", "category": "Foam Bed", "image_url": "https://sunsysweb.co.in/saptahome/wp-content/uploads/2025/08/Untitled-design-50.png", "description": "Take the warmth of home wherever you go with our Sapta Travel Beds — your soft escape in a fast-moving world. Light as a breeze and gentle on your back, these beds fold into a cozy cocoon, perfect for impromptu journeys, visits to loved ones, or a dreamy nap under the stars. Crafted in breathable cotton and lively 3D textures, they invite you to pause, breathe, and relax — anytime, anywhere. Sapta’s travel beds are more than portable... they’re your pocket-sized paradise.", "price": 125.6, "is_featured": 0, "meta": "{\"sku\": \"A0017-6-1-1-1\", \"tags\": null, \"images\": [\"https://sunsysweb.co.in/saptahome/wp-content/uploads/2025/08/Untitled-design-50.png\", \"https://sunsysweb.co.in/saptahome/wp-content/uploads/2025/08/Untitled-design-58.png\", \"https://sunsysweb.co.in/saptahome/wp-content/uploads/2025/08/Untitled-design-57.png\", \"https://sunsysweb.co.in/saptahome/wp-content/uploads/2025/08/Untitled-design-56.png\", \"https://sunsysweb.co.in/saptahome/wp-content/uploads/2025/08/Untitled-design-55.png\", \"https://sunsysweb.co.in/saptahome/wp-content/uploads/2025/08/Untitled-design-54.png\", \"https://sunsysweb.co.in/saptahome/wp-content/uploads/2025/08/Untitled-design-53.png\", \"https://sunsysweb.co.in/saptahome/wp-content/uploads/2025/08/Untitled-design-52.png\", \"https://sunsysweb.co.in/saptahome/wp-content/uploads/2025/08/Untitled-design-51.png\", \"https://sunsysweb.co.in/saptahome/wp-content/uploads/2025/08/Untitled-design-50-1.png\", \"https://sunsysweb.co.in/saptahome/wp-content/uploads/2025/08/Untitled-design-49-1.png\", \"https://sunsysweb.co.in/saptahome/wp-content/uploads/2025/08/Untitled-design-48-1.png\", \"https://sunsysweb.co.in/saptahome/wp-content/uploads/2025/08/Untitled-design-47-1.png\", \"https://sunsysweb.co.in/saptahome/wp-content/uploads/2025/08/Untitled-design-46-1.png\", \"https://sunsysweb.co.in/saptahome/wp-content/uploads/2025/08/Untitled-design-45-1.png\", \"https://sunsysweb.co.in/saptahome/wp-content/uploads/2025/08/Untitled-design-44-1.png\", \"https://sunsysweb.co.in/saptahome/wp-content/uploads/2025/08/Untitled-design-43-1.png\", \"https://sunsysweb.co.in/saptahome/wp-content/uploads/2025/08/Untitled-design-42-1.png\", \"https://sunsysweb.co.in/saptahome/wp-content/uploads/2025/08/Untitled-design-41-1.png\", \"https://sunsysweb.co.in/saptahome/wp-content/uploads/2025/08/Untitled-design-40-1.png\", \"https://sunsysweb.co.in/saptahome/wp-content/uploads/2025/08/Untitled-design-39-1.png\"], \"attributes\": {\"attribute_1_name\": null, \"attribute_1_values\": null}}"}, {"name": "Quilted", "category": "Quilt", "image_url": "https://sunsysweb.co.in/saptahome/wp-content/uploads/2023/03/download-37.jpg", "description": "Design &amp; Quality: ● Made with 100% soft cotton fabric for a smooth, gentle touch. ● Premium polyfill filling for lightweight warmth and extra fluffiness. ● Evenly stitched quilting patterns to keep filling in place, preventing lumps or cold spots. ● Hypoallergenic materials to ensure safe, irritation-free comfort for all skin types. Functional Features: ● Lightweight yet insulating for year-round usability. ● Breathable fabrics that prevent overheating during sleep. ● Durable construction for long-lasting use without sagging or flattening. ● Easy to fold and store when not in use. Style Options: ● Available in solid colors, subtle prints, and seasonal designs. ● Reversible quilts with two patterns in one for versatile styling. ● Matching pillow shams or cushion covers available in select sets. Care Instructions: ● Machine wash in cold water with mild detergent on gentle cycle. ● Tumble dry on low heat or air dry in shade. ● Avoid bleach to preserve fabric and filling quality. ● Light sun airing recommended for freshness. Perfect For: ● Daily bedroom comfort ● Layering with bed covers or blankets in colder months ● Guest room essentials ● Gifting for weddings, housewarmings, or festive occasions ● Travel and outdoor use during colder seasons", "price": 0.0, "is_featured": 0, "meta": "{\"sku\": \"A0012\", \"tags\": null, \"images\": [\"https://sunsysweb.co.in/saptahome/wp-content/uploads/2023/03/download-37.jpg\", \"https://sunsysweb.co.in/saptahome/wp-content/uploads/2023/03/download-38.jpg\", \"https://sunsysweb.co.in/saptahome/wp-content/uploads/2023/03/download-39.jpg\", \"https://sunsysweb.co.in/saptahome/wp-content/uploads/2023/03/download-40.jpg\", \"https://sunsysweb.co.in/saptahome/wp-content/uploads/2023/03/download-41.jpg\", \"https://sunsysweb.co.in/saptahome/wp-content/uploads/2023/03/download-37.jpg\"], \"attributes\": {\"attribute_1_name\": \"size\", \"attribute_1_values\": \"L, M, S, XL, XS\"}}"}, {"name": "Quilted - L", "category": "Uncategorized", "image_url": "https://sunsysweb.co.in/saptahome/wp-content/uploads/2023/03/p-06.jpg", "description": "", "price": 46.0, "is_featured": 0, "meta": "{\"sku\": null, \"tags\": null, \"images\": [\"https://sunsysweb.co.in/saptahome/wp-content/uploads/2023/03/p-06.jpg\"], \"attributes\": {\"attribute_1_name\": \"size\", \"attribute_1_values\": \"L\"}}"}, {"name": "Quilted - M", "category": "Uncategorized", "image_url": "https://sunsysweb.co.in/saptahome/wp-content/uploads/2023/03/p-06.jpg", "description": "", "price": 46.0, "is_featured": 0, "meta": "{\"sku\": null, \"tags\": null, \"images\": [\"https://sunsysweb.co.in/saptahome/wp-content/uploads/2023/03/p-06.jpg\"], \"attributes\": {\"attribute_1_name\": \"size\", \"attribute_1_values\": \"M\"}}"}, {"name": "Quilted - S", "category": "Uncategorized", "image_url": "https://sunsysweb.co.in/saptahome/wp-content/uploads/2023/03/p-06.jpg", "description": "", "price": 46.0, "is_featured": 0, "meta": "{\"sku\": null, \"tags\": null, \"images\": [\"https://sunsysweb.co.in/saptahome/wp-content/uploads/2023/03/p-06.jpg\"], \"attributes\": {\"attribute_1_name\": \"size\", \"attribute_1_values\": \"S\"}}"}, {"name": "Quilted - XL", "category": "Uncategorized", "image_url": "https://sunsysweb.co.in/saptahome/wp-content/uploads/2023/03/p-06.jpg", "description": "", "price": 46.0, "is_featured": 0, "meta": "{\"sku\": null, \"tags\": null, \"images\": [\"https://sunsysweb.co.in/saptahome/wp-content/uploads/2023/03/p-06.jpg\"], \"attributes\": {\"attribute_1_name\": \"size\", \"attribute_1_values\": \"XL\"}}"}, {"name": "Quilted - XS", "category": "Uncategorized", "image_url": "https://sunsysweb.co.in/saptahome/wp-content/uploads/2023/03/p-06.jpg", "description": "", "price": 46.0, "is_featured": 0, "meta": "{\"sku\": null, \"tags\": null, \"images\": [\"https://sunsysweb.co.in/saptahome/wp-content/uploads/2023/03/p-06.jpg\"], \"attributes\": {\"attribute_1_name\": \"size\", \"attribute_1_values\": \"XS\"}}"}]}